Player;Position;Age;Minutes played;Height;Tackle succ. %;Interceptions per 90;Goals per 90;Head goals per 90;Shots per 90;Shots on target %;Assists per 90;Crosses per 90;Dribbles per 90;Touches in box per 90;Passes per 90
L. Messi;RWF, CF, AMF;30;5586;170;0;1,01;0,87;0,02;5,11;41,85;0,26;1,14;5,15;4,75;47,71
G. Higuaín;CF;30;5319;184;50;1,71;0,52;0,02;3,27;47,67;0,1;0,85;1,64;3,79;21,46
A. Griezmann;CF;26;5277;175;36,54;1,79;0,46;0,05;2,47;49,64;0,21;0,94;0,74;2,86;32,75
L. Insigne;LWF, LW;26;5218;163;0;2,73;0,45;0;4,43;40,71;0,24;2,83;2,19;4,83;71,58
L. Suárez;CF;30;5151;182;33,33;1,74;0,61;0,04;3,26;45,65;0,23;1,42;2,63;6,08;26,85
E. Cavani;CF;30;5132;184;25;1,25;0,91;0,12;3,88;48,42;0,14;0,58;0,61;5,31;16,89
Mohamed Salah;RWF, RAMF, CF;25;5080;175;100;1,11;0,71;0,02;3,4;49,73;0,25;2,11;2,33;5,68;29,27
Koke;LW, LCMF, RW;26;5015;177;29,41;4,35;0,09;0;0,99;47,17;0,15;1,36;0,73;0,89;63,86
C. Eriksen;AMF, RAMF, LCMF3;25;5010;180;0;2,64;0,34;0;3,22;40,78;0,45;2,95;1,44;2,43;52,19
R. Lewandowski;CF;29;4968;185;25;1,29;0,96;0,09;3,82;48,79;0,11;1,07;1,27;5,31;21,05
D. Mertens;CF, AMF;30;4919;169;44,44;1,38;0,64;0,06;3,88;43,6;0,39;2,02;3,39;4,78;27,28
C. Immobile;CF;27;4878;181;50;1,15;0,83;0,17;3,48;48,65;0,19;0,98;1,69;4,83;21,35
R. Lukaku;CF;24;4878;190;20;1,16;0,68;0,17;3,03;53,66;0,13;1,42;1,44;4,32;19,21
A. Sánchez;CF, AMF, LAMF;29;4873;169;22,86;1,46;0,48;0,04;3,27;37,85;0,2;2,73;2,71;4,27;44,4
Neymar;LWF;25;4812;175;0;1,83;0,62;0,02;3,83;42,93;0,43;2,52;7,57;5,5;51,75
P. Dybala;AMF, CF;24;4773;177;25;1,87;0,6;0;3,71;43,15;0,17;1,4;2,92;2,75;41,95
P. Aubameyang;CF;28;4711;187;20;1,13;0,82;0,15;3,19;53,29;0,08;1,72;0,75;4,53;14,81
G. Sigurðsson;AMF, LW, LWF;28;4613;186;30;3,51;0,25;0;2,2;41,59;0,25;1,52;1,03;1,93;25,77
Roberto Firmino;CF, LWF, RWF;26;4511;181;23,08;2,11;0,44;0,12;2,56;45,16;0,21;1,88;1,63;4,44;34,42
L. Stindl;CF;29;4500;181;25;2,79;0,38;0,04;2,27;44,25;0,08;1,01;1,03;2,91;43,9
H. Kane;CF;24;4424;188;23,53;1,75;1,06;0,12;5;46,75;0,14;1,24;2,1;4,72;17,92
I. Perišić;LAMF;28;4408;186;29,63;3,9;0,31;0,06;3,1;27,63;0,29;6,86;1,23;5,1;38,73
R. Nainggolan;LCMF3, AMF, RCMF3;29;4387;176;45,65;2,38;0,25;0,02;2,46;29,17;0,16;2,95;1,37;1,91;44,17
A. Vidal;LDMF, LCMF3, AMF;30;4328;180;32,63;4,85;0,25;0,08;2,53;34,71;0,1;0,71;0,33;2,42;63,28
B. Davies;LB, LWB, LCB3;24;4270;182;42,86;4,66;0,08;0,02;0,7;27,27;0,11;3,98;0,63;1,2;50,52
Marcos Alonso;LWB;27;4257;188;28,57;4,55;0,23;0,04;1,56;40,54;0,06;3,49;0,63;1,99;40,36
L. Augustinsson;LB, LWB;23;4190;181;33,33;3,69;0,02;0;0,34;31,25;0,17;4,55;0,71;0,99;44,48
N. Fekir;AMF, CF;24;4143;173;33,33;1,41;0,56;0;2,98;43,8;0,26;1,59;2,72;3,02;39,28
T. Ince;AMF, RWF, RAMF;25;4048;178;50;1,66;0,18;0,02;2,61;40;0,07;1,66;1,55;2,71;25,79
Iago Aspas;RWF, CF, RAMF;30;4048;176;33,33;2,09;0,6;0,04;2,91;48,09;0,13;1,25;2,22;4;37,93
A. Belotti;CF;24;4021;181;30;1,52;0,49;0,16;3,54;39,24;0,11;0,76;1,68;4,75;16,18
M. Albrighton;LW, RW;28;4004;174;25,81;3,25;0,11;0;0,73;37,5;0,3;5,41;2,18;1,09;33,52
S. Kolašinac;LWB, LB;24;3980;183;25;4,07;0,09;0,02;0,6;38,46;0,19;3,15;0,97;2,27;49,23
P. Lees Melou;LW, LCMF, RW;24;3942;185;28,57;4,14;0,11;0,05;1,43;37,7;0,16;1,52;1,1;1,73;39,3
J. Hendrick;AMF, LCMF, RCMF;25;3920;185;16,67;2,65;0,05;0;0,83;17,14;0,07;0,92;1,04;0,83;29,1
S. Agüero;CF;29;3917;173;28,57;1,13;0,76;0,11;4,37;41,58;0,21;1,01;2,02;5,15;26,65
D. Tadić;AMF, RAMF, RW;29;3915;181;50;2,64;0,14;0;1,72;31,51;0,19;3,93;1,32;3,48;37,58
J. Allen;LCMF, RCMF, AMF;27;3910;168;30,77;4,98;0,09;0,02;0,88;21,62;0,1;1;1,22;1,55;38,71
E. Hazard;LWF, AMF, CF;27;3898;173;0;1,65;0,46;0,02;2,14;53,85;0,26;2,28;3,7;5,27;48,98
C. Wood;CF;26;3876;191;0;1,83;0,58;0,1;1,97;54,32;0,07;0,39;0,39;3,14;15,61
A. Lacazette;CF;26;3861;175;25;0,96;0,72;0,07;2,99;50,4;0,17;1,03;1,46;5,57;26,46
G. Burgstaller;CF;28;3854;187;23,53;1,19;0,49;0,05;2,13;49,45;0,12;1,68;1,89;4,09;17,93
Son Heung-Min;LAMF, CF;25;3838;183;40;1,92;0,56;0,02;3,17;39,26;0,21;1,92;2,51;4,99;34,71
H. Mkhitaryan;AMF;28;3831;177;33,33;3,43;0,28;0;1,97;34,52;0,23;2,09;2,75;1,97;51,05
M. Ritchie;RW, RAMF, LW;28;3820;173;22,22;3,57;0,24;0,05;2,45;28,57;0,15;3,52;1,1;1,67;35,01
A. Gómez;CF, AMF, LWF;29;3812;165;0;2,03;0,47;0;3,19;50,37;0,31;4,46;2,76;3,68;37,4
K. Grosicki;LAMF, LW;29;3794;180;0;2,31;0,19;0,02;2,53;32,69;0,17;4,88;2,24;3,38;28,79
S. Rondón;CF;28;3776;189;42,86;1,87;0,17;0,05;2,4;32,29;0,02;0,82;1,7;2,82;19,06
M. Icardi;CF;24;3765;181;50;1,05;0,67;0,12;2,63;49,09;0,1;0,62;0,48;4,16;11,86
I. Nestorovski;CF;27;3741;182;14,29;1,4;0,38;0,1;2,19;52,75;0,05;0,36;1,06;3,01;18,6
M. Özil;AMF, LCMF3;29;3733;180;11,11;1,41;0,19;0,02;1,34;42,59;0,32;1,99;1,49;3,1;65,19
A. Townsend;RW, LW, CF;26;3730;181;33,33;3,42;0,07;0;1,51;29,31;0,23;4,85;2,66;1,98;27,29
M. Sanson;AMF, LCMF3, LCMF;23;3728;180;44,44;2,75;0,19;0;1,55;32,81;0,22;2,87;2,1;2,12;38,6
D. Laxalt;LWB, LB;24;3716;178;20;4,79;0,05;0;0,69;21,43;0,07;3,67;2,71;1,39;33,46
B. Oczipka;LWB, LCB3, LB;29;3703;185;30,23;4,5;0;0;0,46;21,05;0,15;2,72;1,9;0,66;39,86
Iñaki Williams;RAMF, CF, RW;23;3694;186;50;2,02;0,22;0,02;2,02;44,58;0,12;3,56;2,9;3,85;24,05
D. Wass;RCMF3, AMF, RW;28;3687;181;9,09;3,54;0,17;0,02;1,49;32,79;0,17;1,56;0,59;1,27;38,76
Gerard Moreno;CF, AMF;25;3684;180;28,57;2,15;0,37;0,07;2,27;46,24;0,07;1,1;1,51;3;25,72
J. Draxler;LWF, LCMF3, AMF;24;3678;187;23,08;3,11;0,39;0;1,57;60,94;0,17;1,27;2,08;2,81;51,17
Y. Carrasco;LW, RW, LWB;24;3671;181;0;2,22;0,2;0,03;2,56;38;0,15;2,68;4,24;2,76;32,95
Philippe Coutinho;LWF, LCMF3, RWF;25;3659;171;42,86;2,07;0,57;0,03;3,68;38,89;0,26;1,38;3,35;2,55;54,53
R. Rodríguez;LB, LCB3, LWB;25;3645;180;38,89;3,31;0,12;0;0,94;36,84;0,02;2,81;0,32;0,4;50,17
S. Haller;CF, LWF;23;3590;190;40;1,78;0,4;0,05;2,06;37,8;0,08;0,65;1,65;4,04;22,59
K. Lasagna;CF;25;3589;186;20;2,08;0,35;0,03;2,93;39,32;0,13;1,48;1,1;3,96;15,37
V. Germain;CF;27;3589;180;33,33;1,43;0,43;0,1;2,41;48,96;0,05;1,2;0,55;3,26;19,41
B. André;LCMF, RCMF, LW;27;3581;180;30,77;6,32;0,08;0,03;0,72;28,57;0,1;0,67;0,7;0,9;52,54
Daniel Bessa;LCMF3, LCMF, CF;24;3581;178;33,33;2,73;0,1;0;1,75;39,71;0,03;2,29;1,75;1,52;50,81
M. Konaté;CF;24;3580;181;0;1,03;0,33;0,08;2,55;31,31;0,08;1,03;1;4,02;17,82
T. Müller;AMF, CF, RCMF3;28;3567;186;33,33;1,92;0,25;0;1,97;44,74;0,41;3;0,47;6,06;38,75
E. Forsberg;LW, LAMF;26;3562;179;20;1,81;0,25;0;2,36;34,07;0,34;1,09;2,67;1,89;27,45
I. Santini;CF;28;3551;190;0;1,72;0,35;0,13;2,09;40,51;0,05;0,08;0,69;2,81;20,18
Isco;AMF, LCMF3, RCMF3;25;3533;176;25;1,76;0,46;0;2,23;46,51;0,29;3,4;2,93;3,42;73,13
T. Cleverley;AMF, LCMF, RCMF;28;3532;175;52,17;3,58;0,03;0;0,6;21,74;0,08;1,36;0,21;0,5;43,95
D. Caligiuri;RWB, RAMF, CF;30;3511;182;38,1;4,2;0,18;0,03;1,13;45,45;0,13;2,72;1,67;1,64;36,48
J. Ayew;CF, AMF, LW;26;3511;182;43,75;2,18;0,18;0,03;1,72;41,79;0,15;1,82;2,69;2,36;23,38
L. Spinazzola;LWB, LB, LB5;24;3493;186;14,29;4,66;0;0;0,46;5,56;0,26;3,89;2,78;1,47;46,07
S. Zuber;LWB, LB5, LAMF;26;3477;182;66,67;4,66;0,1;0;1,48;29,82;0,18;2,51;1,27;1,73;42,66
C. Günter;LB, LWB, LB5;24;3455;185;20;3,54;0,03;0;0,73;35,71;0,08;3,18;1,69;0,6;35,19
R. Rodelin;CF, LW;28;3453;192;11,11;2,65;0,29;0,05;2,81;28,57;0,05;2,33;1,39;2,17;33,18
P. Zieliński;RCMF3, LCMF3, AMF;23;3443;180;31,82;3,11;0,26;0;1,63;33,87;0,21;0,82;1,9;1,34;57,45
E. Pieters;LB, LWB;29;3426;182;40;6,53;0;0;0,13;0;0,05;2,83;0,59;0,54;36,12
J. King;CF, AMF;25;3424;180;0;1,92;0,5;0;2,13;43,21;0,11;1,5;3,13;3,6;21,26
Pedro;AMF, RWF, LWF;30;3422;167;22,22;2,08;0,37;0,08;2,63;40;0,24;2,29;2;3,05;40,84
A. Kramarić;CF, LCMF3;26;3415;177;25;1,32;0,45;0,03;2,71;39,81;0,18;3;1,05;2,79;32,68
W. Zaha;CF, RW, LW;25;3413;180;50;1,53;0,18;0;1,86;33,33;0,13;3,74;6,19;3,79;19,22
C. Bakambu;CF;26;3410;182;0;2,27;0,71;0,05;2,64;52;0,03;1,16;1,35;3,8;18,71
R. Durmisi;LB, LB5, LWB;24;3406;168;41,67;3,86;0,05;0;0,79;23,33;0,11;4,07;1,11;1,22;33,53
K. Benzema;CF;30;3405;185;0;1,33;0,34;0,05;2,75;46,6;0,21;1,44;1,55;5,36;30,44
Jonathan Viera;AMF, LCMF3, LCMF;28;3382;171;66,67;1,81;0,16;0;1,78;38,81;0,21;1,28;3,43;1,33;66,66
I. Bebou;RW, CF, LW;23;3367;183;46,67;2,91;0,21;0,05;1,79;35,82;0,16;3,02;3,9;2,06;25,1
M. Sabitzer;RW, RAMF, CF;23;3356;177;13,33;2,95;0,21;0,08;2,81;40,2;0,14;2,2;0,91;2,34;37,45
Bruno Fernandes;AMF, LCMF;23;3348;179;23,81;2,82;0,27;0;2,88;41,12;0,22;3,55;1,56;2,26;45,7
A. Ramsey;RCMF, RDMF, AMF;27;3343;183;22,86;2,86;0,24;0,03;2,75;35,35;0,19;1,97;1,42;3,59;55,18
D. Falcinelli;CF;26;3340;185;18,18;1,81;0,3;0,08;2,53;37,23;0,05;0,73;1,37;2,78;16,38
R. Krunić;RCMF3, AMF, LCMF3;24;3338;184;33,33;4,04;0,11;0,03;1,73;35,94;0,11;0,94;2,94;2,16;42,74
X. Shaqiri;RAMF, RW, AMF;26;3317;169;40;1,37;0,16;0;2,81;27,72;0,25;3,34;1,39;1,5;37,84
M. Arnautović;LAMF, CF, LW;28;3316;192;30,77;2,37;0,33;0;2,2;39,24;0,2;3,52;2,76;3,71;29,77
S. Araújo;CF;25;3298;180;25;1,86;0,44;0,11;2,37;41,38;0,19;0,65;2,1;3,44;26,61
Lucas Lima;LB, LW;26;3294;178;25,93;5,56;0,05;0;0,71;38,46;0,03;5,15;1,45;0,58;36,44
A. Ljajić;AMF, LWF, LW;26;3294;182;0;1,69;0,22;0;2,98;32,11;0,3;1,01;1,75;2,6;44,21
M. Leckie;RW, RWB, AMF;26;3282;181;36,67;3,59;0,22;0,08;1,51;40;0,16;2,85;2,25;3,26;36,01
E. Sala;CF;27;3282;187;16,67;2,34;0,44;0,11;2,14;46,05;0,14;0,68;1,1;3,3;20,7
M. Depay;LAMF, LWF, LW;23;3273;176;20;1,62;0,44;0,03;3,11;42,48;0,36;1,73;3,79;3,16;37,04
S. Verdi;RWF, RW, CF;25;3260;171;33,33;1,55;0,22;0;2,51;25,27;0,19;2,76;2,6;1,99;32,13
C. Benteke;CF;27;3254;190;11,11;1,54;0,28;0,14;2,43;39,29;0,09;0,03;0,84;3,07;13,53
N. Kalinić;CF;30;3249;187;20;0,91;0,39;0,08;2,41;45,98;0,08;0,36;0,61;3,74;16,12
M. Braithwaite;LAMF, CF, LW;26;3243;177;0;1,87;0,28;0;2,44;38,37;0,06;1,5;2,01;3,17;22,17
J. Haberer;CF, RCMF, RW;23;3242;186;25;4,3;0,14;0,03;1,55;26,79;0,08;0,89;1,44;1,83;33,9
José Luis Morales;LW, LAMF, RW;30;3241;180;22,22;2,61;0,28;0;1,83;42,42;0,19;3,83;3,64;2,69;26,13
Y. Belhanda;AMF, LWF;27;3235;175;30;2,84;0,06;0;1,28;19,57;0,19;0,92;1,59;1,61;48,96
R. van La Parra;LAMF, LW;26;3220;181;17,65;2,15;0,06;0;1,7;36,07;0,03;3,63;4,58;1,68;28,65
Deyverson;CF;26;3218;187;50;3,47;0,25;0,03;1,87;40,3;0,03;0,59;0,81;2,96;18,4
Sergi Enrich;CF;27;3217;181;50;1,54;0,31;0,06;1,73;45,16;0,17;0,95;0,5;2,77;22,91
Portu;AMF, CF, RW;25;3216;178;57,14;1,37;0,28;0,03;1,62;41,38;0,03;2,29;2,35;3,33;20,23
R. Philippoteaux;LW, LAMF;29;3215;170;40,91;2,91;0,2;0;1,22;36,59;0,03;3,05;3,23;2,34;34,28
A. Cresswell;LB, LWB, LCB3;28;3210;170;50;4,4;0;0;0,39;21,43;0,14;3,95;0,39;0,5;35,21
N. Redmond;LAMF, LW;23;3200;173;0;2,27;0,14;0;2,07;36,99;0,06;2,41;2,07;2,9;35,84
Ó. Trejo;AMF, CF, LCMF;29;3193;180;47,83;2,71;0,25;0,03;1,63;43,1;0,11;1,07;4,14;2,28;37,26
A. Delort;CF;26;3193;182;33,33;1,41;0,25;0;2,76;32,65;0,08;2,03;1,78;2,59;23,65
Willian José;CF;26;3179;189;0;1,39;0,45;0,17;2,86;43,56;0,11;0,59;0,51;3,48;25,59
D. Klaassen;RCMF3, AMF, LCMF3;24;3166;179;40,63;3,07;0,2;0;1,52;28,85;0,18;0,64;0,47;2,55;39
F. Mubele;CF, RW, LW;23;3165;170;0;2,19;0,28;0;2,05;40,28;0,06;2,56;3,73;2,87;19,96
S. Wagner;CF;30;3164;194;33,33;1,65;0,37;0,2;2,08;45,21;0,14;0,48;0,4;3,36;21,93
D. Liénard;LCMF3, LW, LCMF;29;3156;184;27,78;4,59;0,2;0;1,54;31,48;0,4;3,25;1,25;0,97;42,03
J. Schlupp;LB, LW;25;3153;178;20,59;6,03;0;0;0,56;10,53;0,03;1,54;1,25;0,83;31,03
A. Ioniţă;RCMF3, LCMF3, AMF;27;3144;184;0;3,66;0,09;0,06;0,72;36;0,06;1,17;0,94;1,46;29,43
Carlos Clerc;LB, LB5, LWB;25;3142;182;50;3,9;0,03;0;0,17;50;0,06;4,04;2,55;0,8;31,77
F. Borini;LWF, RWF, RWB;26;3136;180;50;4,59;0,06;0;2,03;42,03;0,12;2,5;1,21;2,06;31,31
D. Lezcano;CF;27;3132;178;25;1,41;0,26;0,03;2,27;41,77;0,14;0,49;1,52;3,91;20,29
M. Politano;LWF, RWF;24;3126;171;0;2,22;0,2;0;2,85;40,4;0,2;4,2;2,74;2,76;31,84
Thiago Alcântara;AMF, RDMF, LCMF3;26;3120;174;39,53;4,39;0,29;0,12;1,34;45,65;0,17;0,55;1,74;1,57;83,84
D. Zapata;CF;26;3119;186;0;1,7;0,32;0,09;1,73;53,33;0,14;1,7;2,08;3,38;16,62
M. Lanzini;AMF, LCMF, LCMF3;24;3117;170;21,43;3,09;0,17;0;1,85;35,94;0,2;0,81;3,09;1,39;48,91
K. Mitroglou;CF;29;3105;188;0;0,64;0,7;0,15;2,85;51,02;0,06;0,38;0,61;3,57;12,73
P. Groß;AMF, CF;26;3096;181;30;2,12;0,26;0;1,19;41,46;0,2;3,08;0,35;1,34;37,97
Javier Hernández;CF, LWF;29;3090;175;33,33;0,96;0,41;0,15;2,39;42,68;0,09;0,93;1,43;3,84;21,09
R. Brady;LW, RW, LB;25;3087;175;26,67;3,63;0,15;0;1,86;24,19;0,21;3,33;1,08;1,11;30,45
S. Mané;LWF, RWF, RAMF;25;3085;175;7,69;1,8;0,47;0,03;2,2;47,95;0,24;2,41;3,82;4,66;32,18
D. Payet;LAMF, LWF, AMF;30;3085;175;37,5;2,01;0,2;0;2,57;36,36;0,2;3,15;1,43;1,81;49,36
Y. Ōsako;CF;27;3079;182;25;1,93;0,26;0,09;1,78;45,9;0,15;0,99;1,17;2,6;25,66
C. Atsu;LW, RW, LAMF;26;3066;172;100;3,14;0,12;0;1,61;32,73;0,18;2,99;2,82;2,5;27,59
A. Pléa;CF, LWF;24;3057;181;100;0,97;0,32;0,06;2,83;40,63;0,09;0,74;1,71;3,24;28,76
O. Wriedt;CF;23;3044;188;25;1,19;0,5;0,03;3,14;42;0,22;1,76;1,92;3,96;15,08
Gabriel;AMF, LCMF, CF;24;3033;187;28,85;3,2;0,21;0;1,6;38,89;0,03;1,01;1,93;1,72;34,45
Willian;RWF, AMF;29;3033;175;0;1,87;0,45;0,03;2,34;41,77;0,3;2,31;2,61;3,5;42,2
B. Wood;CF;25;3032;180;0;1,31;0,21;0;1,78;38,33;0,03;0,53;2,55;2,85;15,52
A. Thomasson;LW, RW, AMF;24;3024;177;16,67;3,83;0,12;0;1,56;39,22;0,06;1,99;0,58;2,21;40,4
B. Moukandjo;CF, LW, LAMF;29;3021;180;0;1,76;0,45;0,03;1,76;49,15;0,18;1,91;1,34;2,29;25,86
J. Iličić;AMF, CF;29;3019;190;15,79;1,7;0,42;0;3,91;36,64;0,21;2,03;3,96;2,8;42,3
B. Oviedo;LB, LB5;27;3019;172;39,47;6,06;0;0;0,66;23,81;0,06;2,26;1,98;0,85;36,72
R. Snodgrass;RW, RAMF, AMF;30;3018;182;28,57;2,18;0,18;0,03;1,82;37,7;0,27;2,83;1,55;2,24;32,42
M. Harnik;CF;30;3017;185;22,22;2,8;0,57;0,06;2,36;46,84;0,06;0,84;0,84;3,31;24,34
M. Niang;LAMF, LW, LWF;23;3013;184;27,27;2,84;0,12;0,03;2,36;40,51;0,12;2,51;4,18;2,45;27,84
H. Seferović;CF;25;3012;185;20;1,41;0,36;0,03;2,94;34,38;0,09;1,68;0,43;3,89;21,31
Á. di María;RWF, LWF, LWB;29;3008;180;7,14;2,27;0,45;0,03;3,68;43,09;0,42;5,77;2,24;4,13;46,68
N. de Préville;CF, AMF;27;3001;182;35;2,4;0,42;0;2,67;30,34;0,06;2,04;2,67;2,94;26,45
L. Alario;CF;25;2999;178;25;1,38;0,45;0,03;2,43;49,38;0,21;0,6;1,2;3,84;20,35
T. Hazard;LW, RW, CF;24;2994;174;0;3,46;0,33;0;2,46;43,9;0,21;3,16;2,68;3,67;36,94
W. Ben Yedder;CF;27;2994;170;100;1,32;0,66;0,03;2,38;68,42;0,13;1,32;1;5,21;22,91
Sergio León;CF;29;2990;178;50;0,99;0,42;0,06;2,59;46,51;0,03;0,78;1,75;2,98;11,59
Júlio Tavares;CF, RW, LW;29;2980;187;66,67;2,3;0,27;0,09;1,43;43,48;0,12;0,78;0,62;2,74;17,48
Álvaro Morata;CF;25;2975;189;40;1,27;0,79;0,42;3,54;49,57;0,21;1,21;1,69;5,2;21,15
Lekue;RB, LAMF;24;2970;180;17,65;4,06;0,06;0;1;24,24;0,03;4,61;3,12;1,33;38,48
J. Amavi;LB, LW;23;2966;176;40,91;5,37;0;0;0,58;10,53;0,09;2,49;2,58;0,42;40,87
V. Darida;AMF, LCMF, RCMF;27;2962;171;35,29;3,43;0,12;0,03;1,91;23,81;0,09;1,82;1,06;1,09;62,02
A. Ayew;CF, AMF, RW;28;2955;176;20;2,13;0,4;0,06;1,55;49,02;0,12;0,97;1,19;2,13;26,89
M. Bakalorz;LCMF, RCMF, AMF;28;2951;180;31,25;4,73;0;0;0,73;16,67;0,06;0,76;1,86;0,34;27,45
K. Boateng;CF, DMF, LCMF;30;2944;186;8,33;3,7;0,24;0,03;2,11;36,23;0,09;0,89;0,64;3;33,32
Y. Mallı;AMF, LAMF, LW;25;2944;179;36,84;1,5;0,15;0,03;1,99;35,38;0,09;1,83;2,97;2,42;31,89
R. Inglese;CF;26;2944;187;66,67;1,14;0,46;0,22;2,27;48,61;0,16;0,82;0,85;3,44;13,94
Ángel;CF;30;2941;172;0;1,16;0,52;0,13;2,79;50,56;0;0,97;1,54;3,23;15,48
M. Arnold;LCMF, LDMF, AMF;23;2941;184;0;2,72;0,06;0;1,53;30;0,06;1,35;0,86;0,52;43,24
J. Roussillon;LB, LWB, LB5;25;2940;175;80;3,66;0,09;0;0,69;36,36;0,09;4,14;2,02;1,29;36,32
T. Inui;LW, LAMF;29;2939;169;25;2,63;0,18;0;1,93;46,03;0,06;2,24;1,93;2,17;28,69
M. Schmelzer;LB, LCB3, LWB;29;2937;180;36,36;6,71;0,03;0;0,61;35;0,09;1,87;0,46;0,61;59,26
Muniain;LAMF, LW, AMF;25;2926;169;40;1,85;0,22;0,03;1,6;36,54;0,12;1,29;3,57;2,06;39,22
Borja García;AMF, LCMF3;27;2926;175;52,63;2,21;0,06;0;1,94;22,22;0,18;2,55;1,81;1,17;41,71
M. Ostrzolek;LB, LWB;27;2923;178;23,08;4,62;0;0;0,34;27,27;0,03;3,08;0,49;0,62;36,86
J. Lingard;AMF, RAMF, RWF;25;2920;174;12,5;2,03;0,4;0,06;2,25;42,47;0,12;1,6;1,88;2,99;42,44
J. Kurtič;AMF;29;2917;186;26,92;2,68;0,09;0;1,76;21,05;0,06;1,6;0,96;2,38;41,53
É. Banega;AMF, LCMF, LDMF;29;2917;174;35,48;2,21;0,22;0;1,38;41,86;0,22;1,51;2,85;0,96;75,56
Antunes;LB, LWB;30;2909;176;53,33;4,96;0;0;0,7;0;0,06;3,45;1,02;0,51;36,03
Ivi;LW, LAMF, LWF;23;2880;174;0;2,81;0,38;0,03;3,28;43,81;0,19;3,22;2,63;2,09;28,97
F. Kostić;LAMF, LW;25;2879;184;33,33;2,84;0,13;0,06;1,81;32,76;0,09;4,56;2,09;2,47;25,26
S. El Shaarawy;LWF, RWF, AMF;25;2879;178;66,67;2,34;0,41;0;3,19;41,18;0,31;2,13;2,25;3,97;37,76
A. Niane;CF;24;2878;181;0;0,97;0,47;0;2,81;34,44;0,13;0,78;1,25;3;17,79
O. Ighalo;CF;28;2878;181;0;0,84;0,5;0,06;3,16;47,52;0,16;0,63;2,13;4,82;16,98
S. Zaza;CF;26;2874;186;12,9;1,91;0,5;0,09;2,91;35,48;0,06;0,53;1,32;3,7;15,22
Mata;RAMF, AMF, RWF;29;2874;170;28,57;2,57;0,22;0;1,19;52,63;0,13;3,51;0,53;3,54;52,08
K. Toko Ekambi;CF, LW;25;2868;183;0;1,41;0,47;0,06;2,98;45,26;0,09;2,54;3,51;3,55;27,18
K. Volland;CF;25;2867;179;26,67;1,57;0,47;0,03;1,95;50;0,13;1,76;1,51;3,04;21,94
M. Vrančić;LDMF, AMF, LCMF;28;2864;187;38,89;3,39;0,16;0;1,63;19,23;0,06;1,01;0,6;1,45;42,61
Portillo;AMF, RW, CF;27;2859;169;0;2,06;0,13;0;0,74;52,17;0,13;0,87;1,55;1,87;37,29
Raphaël Guerreiro;LWB, LB, LCMF3;24;2852;170;0;3,69;0,19;0,03;1,14;44,44;0,13;2,3;1,86;1,92;53,2
M. Coda;CF;29;2851;184;42,86;1,58;0,35;0,03;3,88;39,02;0,09;0,92;1,01;3,47;22,35
M. Darmian;LB, RB, LWB;28;2840;182;33,33;4,06;0;0;0,25;37,5;0,06;2,28;0,51;0,6;39,96
S. Kagawa;AMF, LCMF3, RCMF3;28;2838;175;33,33;1,87;0,22;0;1,55;38,78;0,38;1,21;0,98;3,01;48,27
S. Arfield;LW;29;2819;178;45,83;3,37;0,1;0;1,54;27,66;0,03;0,92;1,38;1,57;24,13
M. Balotelli;CF;27;2811;189;0;1,6;0,74;0,06;4,07;52,76;0,06;0,35;1,54;2,18;27,69
K. Rausch;LB, LWB, LB5;27;2798;182;11,11;4,89;0;0;1,03;9,38;0,03;4,47;0,71;0,58;38,02
Edgar Méndez;RAMF, LWF, RW;26;2782;188;41,67;2,88;0,32;0,06;2,39;44,59;0,06;4,37;2,98;2,59;21,93
J. Hector;LCMF, LB, LWB;27;2777;185;26,92;4,5;0,03;0;0,32;20;0,23;0,94;0,81;0,94;43,17
F. Andone;CF;24;2774;180;100;1,3;0,29;0;2,3;43,66;0,1;1,3;2,5;3,31;11,84
Víctor Camarasa;AMF, LCMF3, LCMF;23;2771;183;22,22;2,37;0,06;0,03;1,01;35,48;0,03;0,58;1,36;1,33;36,41
João Pedro;AMF, CF, LCMF3;25;2769;184;33,33;2,28;0,39;0,03;2,41;41,89;0,1;1,11;2,15;1,95;24,34
Y. Poulsen;CF, RAMF;23;2755;193;16,67;2,26;0,26;0,07;1,62;43,75;0,24;1,15;1,65;3,17;23,67
André Gomes;LCMF3, LW, DMF;24;2754;188;0;2,71;0,1;0;0,88;25,93;0,1;1,34;1,63;1,63;48,56
N. De Pauw;RAMF, CF, RW;28;2747;180;0;2,8;0,23;0,07;1,85;39,62;0,14;4,4;0,87;3,18;40,26
A. Stoian;LW;26;2742;178;25;3,33;0,07;0;1,08;31,25;0,13;3,6;2,55;0,87;36,19
A. Rebić;CF, LAMF, LW;24;2739;185;20;2,33;0,23;0;2,17;48,48;0;3,06;3,38;3,32;23,92
M. Destro;CF;26;2738;178;33,33;1,54;0,36;0,1;1,74;47,17;0,07;0,3;1,15;2,6;12,62
A. Carrillo;RAMF, RW, LW;26;2728;181;26,32;2,54;0,16;0,03;1,08;25,81;0,17;3,62;3,83;2,58;41,76
P. Nakoulma;CF, LAMF;30;2718;178;0;1,03;0,43;0,07;2,02;45,9;0,03;0,73;2,48;3,11;22,15
M. Suttner;LWB, LB;30;2713;179;37,5;4,74;0,07;0;0,9;48,15;0,07;3,75;0,53;0,43;32,28
Pato;CF, LWF;28;2706;180;16,67;1,86;0,57;0;3,69;46,85;0,13;1,5;4,19;3,56;19,82
Bruma;LAMF, LW, LWF;23;2704;173;33,33;1,86;0,23;0;2,86;39,76;0,17;2,17;5,23;4,2;46,48
G. Caprari;CF, LWF, LW;24;2704;176;26,67;2,3;0,4;0,03;2,96;43,82;0,1;1,26;2,16;3,53;29,12
S. Terodde;CF;29;2702;192;17,65;1,23;0,57;0,1;2,17;44,62;0,13;0,33;0,57;3,93;14,79
L. Castro;RCMF3, AMF;28;2700;182;18,42;4,73;0,17;0,03;1,83;34,55;0,13;3,1;2,37;2,37;46,67
M. Kruse;CF;29;2696;180;0;1,5;0,6;0,07;1,67;62;0,33;2,54;1,07;1,9;39,66
Roberto Torres;RCMF3, LW, RW;28;2689;178;0;3,75;0,17;0;2,41;31,94;0,13;3,08;2,01;1,44;30,73
Xeka;LCMF, LDMF, AMF;23;2685;186;50;3,92;0,1;0,07;1,58;40,43;0,13;0,37;1,47;0,91;42,74
A. Cornelius;CF;24;2683;193;33,33;1,51;0,54;0,17;2,52;42,67;0,13;1,01;1,01;4,49;18,82
A. Benali;LWF, RWF;25;2682;173;18,18;2,62;0,37;0;1,95;50;0,17;1,64;1,44;3,46;36,85
Y. Salibur;RW, RAMF, CF;26;2678;177;0;1,25;0,2;0;2,98;34,88;0,1;4,26;2,22;3,18;30,88
Y. Ravet;RW, LW, RAMF;28;2677;178;14,29;2,69;0,2;0;2,56;36,84;0,3;4,1;1,98;2,59;28,48
M. Jojić;RCMF, RW, LW;25;2671;177;13,79;4,28;0,17;0,07;2,09;33,87;0,2;1,04;1,48;1,18;32,89
Ayoze Pérez;AMF, CF;24;2670;179;29,41;3,06;0,27;0,04;1,97;46,43;0,18;2,04;2,74;3,97;23,1
A. Barnes;CF;28;2667;186;33,33;1,9;0,24;0;2,07;39,34;0,03;0,78;0,92;2,96;16,93
A. Gray;CF;26;2665;180;22,22;0,88;0,27;0;1,83;38,89;0,1;0,98;1,05;3,19;14,8
Ibai Gómez;LAMF, LW, RW;28;2664;177;50;2,87;0,3;0;2,2;41,54;0,14;2,91;1,52;1,11;29,83
D. Perotti;LWF, AMF, LAMF;29;2661;179;0;2,71;0,24;0,03;2,23;37,88;0,14;6,12;4,36;3,72;43,77
A. Barák;LCMF, RCMF3, AMF;23;2654;190;11,11;2,95;0,34;0,04;2,01;51,79;0,14;1,62;1,08;1,9;39,82
J. Rodríguez;AMF, RCMF3, LWF;26;2651;180;35,29;2,64;0,41;0,03;2,54;49,32;0,24;3,68;1,08;2,99;64,62
K. Gibbs;LB, LWB, LB5;28;2651;179;61,11;5,8;0;0;0,43;16,67;0,07;2,83;1,22;1,29;36,5
O. Nguette;LW, LAMF, RW;23;2645;181;30,77;3,16;0,07;0;1,22;52,78;0;1,09;4,73;1,84;18,1
E. Choupo-Moting;CF, LAMF, LW;28;2644;191;31,25;2,62;0,14;0,03;2,28;41,79;0,2;2,14;2,79;3,34;28,59
Jonathan Cafu;RAMF, CF, LAMF;26;2644;173;14,29;1,6;0,17;0;1,6;35,56;0,04;1,95;3,09;3,91;41,82
J. Rodriguez;CF, LW;28;2633;185;25;2,65;0,27;0,04;2,62;42,86;0,15;1,27;1,64;2,8;19,1
R. Alessandrini;RW, RAMF, LW;28;2625;173;33,33;2,13;0,45;0;3,2;43,33;0,36;3,98;3,87;3,12;31,03
J. McClean;LW, LAMF;28;2622;180;42,86;3,21;0,07;0;1,7;29,79;0,04;4,66;1,59;1,62;24,37
Y. Gerhardt;LB, LWB;23;2620;184;33,33;4,88;0,03;0;0,58;41,18;0,03;2,51;1,34;1;39,44
R. Fraser;RW, LW;23;2618;163;23,08;2,58;0,14;0;1,31;47,37;0,1;4,5;1,62;2,1;36,34
L. Ocampos;LAMF, LWF, LW;23;2616;187;17,39;4,75;0,28;0,03;2,37;33,33;0,1;2,44;3,34;3,68;25,77
Hélder Lopes;LB, LWB, LW;29;2613;179;0;4,58;0,03;0;0,59;29,41;0,07;3,58;1,96;1,03;38,78
E. Valencia;CF, RAMF;28;2613;177;23,08;1,62;0,55;0;2,45;40,85;0,07;2,27;3,58;3,75;21,39
F. Bartels;CF, RW;30;2597;176;30;1,87;0,28;0,03;1,59;47,83;0,24;1,63;3,43;2,81;27,62
H. Aleesami;LB, LW, LWB;26;2592;182;75;3,85;0,07;0;0,42;33,33;0,1;3,51;1,84;1,15;39,93
S. Mounié;CF;23;2587;190;0;2,09;0,42;0,21;2,44;44,29;0,03;0,38;0,49;2,92;16,63
G. Honeyman;RW, AMF, LCMF3;23;2586;173;23,53;2,46;0,14;0;1,11;37,93;0;2,34;1,84;2,23;33,19
Deulofeu;LWF, RWF, RW;23;2583;177;0;2,38;0,24;0;1,95;49,09;0,21;3,94;3,62;5,04;41,01
M. Diouf;CF, RWB, RW;30;2578;185;36,67;2,93;0,17;0,03;1,85;30,19;0,03;1,71;1,85;2,48;17,42
Douglas Costa;LAMF, LW, RAMF;27;2567;170;0;1,72;0,18;0;2,1;38,33;0,18;5,15;3,89;2,56;44
Luis Alberto;AMF, LCMF3;25;2566;182;15,38;2,47;0,28;0;2,4;37,88;0,33;1,56;2,44;2,04;48,6
Adrián;AMF, LCMF;29;2560;183;33,33;3,27;0,32;0,04;1,58;53,33;0,04;0,53;0,46;1,23;32,27
S. Long;CF;30;2547;178;0;2,44;0,18;0;2,18;29,31;0,08;1,69;1,09;3,76;17,14
P. Piatti;LW, LAMF;28;2546;163;18,75;3,61;0,21;0;1,45;26,83;0,21;3,99;1,59;1,8;28,21
O. El Kaddouri;AMF;27;2543;185;28,57;2,12;0,14;0;1,91;44,44;0;2,19;2,19;1,95;40,24
S. March;LW, RW;23;2541;180;7,69;4,26;0,14;0,04;1,36;29,73;0,07;4,92;2,53;1,47;33,34
I. Belfodil;CF, AMF;26;2531;191;100;1,59;0,36;0,11;2,18;33,9;0,04;2,29;2,65;4,17;23,34
R. Soriano;LW, RCMF3;26;2527;182;25;2,85;0,21;0,04;1,75;34,69;0,07;1,57;0,78;2,46;39,18
Pedro Henrique;LAMF, RAMF, RW;27;2509;181;28,57;2,61;0,39;0,08;2,85;42,25;0,12;2,69;3,73;3,13;27,34
L. Diony;CF;25;2502;183;14,29;1;0,25;0;1,63;38,64;0,11;1,96;2,11;2,4;16,83
R. Hamouma;RWF, RW, CF;30;2501;178;25;2,23;0,22;0;2,23;27,42;0,14;2,27;2,52;2,81;24,43
M. Livaja;CF, AMF;24;2498;182;18,18;1,04;0,36;0,07;2,02;41,07;0,07;1,41;2,67;2,41;23,13
J. Martin;AMF, LCMF3, RCMF3;27;2475;184;36,36;3,27;0,18;0,04;0,8;54,55;0,04;0,95;0,84;1,24;39,42
Josep Señé;AMF, LCMF, LCMF3;26;2475;185;0;2,98;0,07;0;1,64;22,22;0,07;0,47;2,58;1,38;43,35
K. Monnet-Paquet;LW, LAMF, LWF;29;2469;184;50;2,92;0,15;0,04;1,57;39,53;0,11;3,1;2,04;3,46;31,49
A. Szymanowski;LW, LAMF;29;2462;175;0;3,33;0,26;0,04;1,54;33,33;0,15;3,33;1,68;2,49;23,32
S. García;LCB, LWB;29;2462;191;34,38;6,4;0,04;0;0,55;26,67;0,04;0,29;0,48;0,73;33,01
F. Diedhiou;CF;25;2456;189;28,57;1,54;0,33;0,15;1,94;41,51;0,07;0,92;1,8;2,46;18,76
M. Waris;CF, LW;26;2453;172;0;1,09;0,26;0,08;2,03;42,59;0,15;0,98;3;2,82;20,39
M. Pugh;LW, LAMF;30;2436;180;12,5;2,54;0,07;0;1,49;31,58;0,12;2,78;1,92;2,97;38,2
Juanmi;CF, LWF, LAMF;24;2429;172;36;1,48;0,52;0,15;2,15;43,1;0,04;0,37;0,67;3,41;18,93
S. Defour;RCMF, LCMF, LW;29;2424;175;33,33;5,59;0,07;0;0,88;45,45;0,04;2,03;0,48;0,2;41,17
Y. Benzia;AMF, CF, RCMF;23;2408;178;71,43;3,1;0,15;0;1,35;30,56;0,04;1,23;1,91;1,46;38,91
J. Willems;LB, LWB;23;2408;169;33,33;5,12;0,07;0;0,78;47,62;0,19;3,92;1,5;1,12;38,12
J. Correa;LAMF, CF, LW;23;2407;188;27,27;1,69;0,34;0,04;2,52;48,44;0,12;1,42;4,45;3,86;36,28
E. Çolak;AMF;26;2396;169;20;1,09;0,11;0,04;1,39;40,54;0,15;1,88;1,28;0,79;43,61
F. Niederlechner;CF, RWF;27;2391;186;23,08;1,43;0,3;0;2,6;36,23;0,11;0,9;2,67;2,82;17,09
K. Cissé;CF, LAMF, LWF;29;2389;184;28,57;2,41;0,15;0,04;2,79;44,59;0,19;0,49;2,52;3,43;20,19
A. Finnbogason;CF;28;2386;184;33,33;1,89;0,49;0,11;2,15;57,89;0,11;0,53;1,92;3,32;19,73
Aday;LWB, LB5, RWB;30;2384;179;0;3,28;0,04;0;1,59;30,95;0,08;5,21;1,89;1,51;37,34
G. Kakuta;AMF, LAMF, CF;26;2383;173;50;2,68;0,19;0;1,55;36,59;0,19;2,23;3,02;0,98;31,8
T. Hemed;CF;30;2382;186;37,5;1,65;0,38;0,12;2,24;43,86;0,12;0,59;1,37;2,55;16,22
M. Brozović;AMF, LDMF, RAMF;25;2377;181;34,78;3,22;0,19;0,08;2,16;35,09;0,04;2,76;1,02;1,7;62,55
N. Roux;CF;29;2377;182;0;2,29;0,27;0,16;2,21;46,3;0;1,07;0,94;2,46;19,05
Jozabed;AMF, LCMF3, LCMF;26;2367;180;50;3,31;0,08;0,04;1,06;35,71;0,23;0,84;0,42;1,25;50,34
S. Kittel;LWF, AMF, LAMF;25;2361;179;25;3,01;0,34;0;2,44;35,94;0,23;3,09;1,64;3,66;30,11
T. Deeney;CF;29;2360;183;54,55;2,02;0,34;0,08;1,19;50;0,04;0,36;0,48;2,02;16,93
M. Phillips;RW, LW, RAMF;26;2359;183;37,5;3,34;0,11;0;1,65;17,5;0,12;4,75;3,14;2,44;23,74
Susaeta;RAMF, RW, LAMF;30;2357;179;22,22;3,44;0,08;0;1,22;40,63;0,23;4,16;3,02;2,1;36,27
G. Sio;CF;28;2339;180;0;1;0,31;0,08;2,85;43,24;0,08;1,81;1,46;3,92;24,9
J. Wilshere;LCMF, AMF, RCMF3;26;2336;172;21,74;2,11;0,08;0;1,45;51,43;0,17;1,08;3,52;2,36;52,5
A. Galabinov;CF;29;2335;190;100;2,39;0,39;0,15;3,93;36,27;0,19;1,08;1,19;5,36;25,82
Cristian Tello;RWB, LW, LAMF;26;2332;178;28,57;2,39;0,35;0;2,59;44,78;0,12;3,7;1,58;3,05;39,75
J. Córdoba;CF;24;2328;185;50;1,82;0,15;0;2,36;32,79;0,08;1,31;2,51;3,83;15,85
Vitolo;LAMF, LW, LWF;28;2316;184;0;2,91;0,19;0;1,32;35,29;0,08;1,98;3,26;3,73;45,82
H. Manzala;LAMF, LW;23;2313;177;0;2,3;0,27;0;1,79;43,48;0,16;3,35;2,65;2,41;29,38
Joselu;CF;27;2312;192;20;2,92;0,23;0,08;2,65;42,65;0,04;0,43;0,39;2,49;22,23
Éder;CF;30;2306;188;50;1,44;0,23;0,04;2,07;33,96;0,04;0,74;1,01;3,36;19,98
F. Fajr;RW, LAMF, RAMF;29;2304;178;40,91;3,13;0,08;0;1,21;45,16;0,16;2,97;0,7;0,66;33,95
M. Trotta;CF;25;2292;188;20;2,18;0,16;0;2,62;36,36;0,24;0,64;0,87;3,1;25,14
J. Izquierdo;LW, LWF, LAMF;25;2288;171;31,25;2,52;0,39;0;3,15;41,25;0,08;1,46;2,87;4,09;27,42
F. Klaus;RW, LW, RAMF;25;2285;179;31,58;3,15;0,12;0;2,32;33,9;0,24;2,44;1,97;2,21;25,21
M. Uth;CF, RWF;26;2284;185;11,11;2,13;0,55;0;2,48;41,27;0,16;1,02;1,42;2,8;24,19
M. Pucciarelli;CF, AMF;26;2277;174;14,29;2,72;0,12;0;1,28;41,94;0;1,32;1,28;2,51;27,41
J. McArthur;RCMF, RCMF3, LW;30;2275;178;28,57;4,16;0,24;0;1,16;34,48;0,08;1;0,64;1,8;38,2
R. Bajić;CF;23;2261;189;50;1,11;0,48;0;1,83;54,35;0,12;0,32;0,52;2,39;19,5
D. Didavi;AMF;27;2257;180;33,33;1,28;0,32;0,04;2,67;40,3;0,32;2,35;1,44;2,51;32,66
Y. Muto;CF;25;2256;179;0;1,6;0,32;0,16;1,32;48,48;0,04;0,72;1,44;2,79;13,64
Ja-Cheol Koo;RCMF, AMF, CF;28;2244;183;32,26;4,01;0,04;0;1,08;25,93;0,08;0,4;1,08;1,4;31,97
P. van Aanholt;LB, LWB, LW;27;2238;175;25;4,66;0,08;0;1,11;23,08;0;2,27;1,2;0,9;35,89
S. Vokes;CF;28;2232;188;50;1,97;0,44;0,18;2,37;35,19;0,13;0,35;0,48;3,29;13,86
A. Hahn;CF, RW, RAMF;27;2225;185;25;3,52;0,16;0;2,22;40;0,08;2,71;1,54;2,47;19,66
J. Calleri;CF;24;2222;173;30;1,42;0,32;0,08;2,23;40;0;1,34;1,46;3,81;17,58
L. Muriel;CF;26;2220;178;20;0,93;0,36;0,04;2,92;38,89;0,2;1,7;2,43;3,97;20,19
João Mário;AMF, LW;24;2201;173;33,33;2,37;0,08;0;1,51;32,43;0,29;2,78;2,62;2,41;46,08
Isma López;LB, LW, LB5;27;2196;180;30,77;4,79;0;0;0,43;20;0;3,5;0,85;1,28;31,37
O. Niasse;CF;27;2195;182;0;1,38;0,57;0;2,11;45,65;0,09;1,24;2,34;4,13;15,13
R. Boudebouz;AMF, CF;27;2187;177;12,5;2,72;0,25;0;1,32;43,75;0,33;2,88;1,93;1,44;52,35
E. Capoue;RCMF, RCMF3, AMF;29;2186;190;33,33;3,86;0,21;0,04;1,59;32,43;0;0,86;1,46;1,16;42,08
V. Ibarbo;CF;27;2182;188;0;1,65;0,25;0;1,44;51,43;0,16;1,65;3,88;2,93;19,92
P. De Blasis;LW, LAMF, RAMF;29;2177;165;10;3,18;0,08;0;1,65;45;0,12;2,15;1,36;3,56;35,55
Felipe Anderson;RWF, CF, AMF;24;2160;178;0;3,67;0,21;0,04;2,25;37,04;0,21;4,04;6,21;3,17;51,54
A. Pešić;CF;25;2155;191;0;1,73;0,84;0,18;3,01;56,06;0,27;1,14;1,73;5,51;22,92
C. Quaner;CF, RW, RAMF;26;2150;191;20;3,1;0,13;0;1,53;42,86;0,13;1,09;1,97;3,19;26,04
D. Janmaat;RB, LWB;28;2150;185;50;5,29;0,13;0;1,14;26,92;0;2,93;1,27;0,92;34,73
Guerrero;CF;27;2139;182;75;2,19;0,17;0;1,68;37,5;0,04;0,42;0,88;2,65;21,67
L. Krejčí;LW, LWF, LAMF;25;2135;180;28,57;2,28;0;0;0,97;34,78;0,25;2,99;1,48;2,36;33,47
M. Philipp;LWF, RW, CF;23;2131;183;37,5;1,82;0,42;0,04;2,58;37,7;0,13;1,98;2,41;3;23,95
D. Machís;LAMF, LW;24;2114;169;100;3,36;0,34;0;2,98;42,86;0,26;4,09;4,13;3,28;23,42
K. Coulibaly;CF;26;2101;197;0;1,77;0,3;0,05;1,9;40,48;0,09;1,31;1;3,53;20,7
L. Bittencourt;LW, RW;24;2100;171;21,05;2,79;0,13;0,04;1,89;38,64;0,21;2,96;3,77;3;33,64
M. Diamé;AMF, LCMF, RCMF;30;2093;185;0;3,87;0,09;0;1,16;37,04;0,04;0,65;1,55;1,25;28,81
W. Khazri;CF, AMF, RW;26;2087;182;0;1,98;0,43;0,04;2,89;37,31;0,04;1,55;2,5;2,72;27,86
D. Welbeck;CF, LWF, AMF;27;2084;185;75;2,17;0,39;0,09;2,3;50,98;0,23;0,45;2,12;4,6;24,37
N. Amrabat;RAMF, CF, RW;30;2084;178;50;1,38;0,04;0;1,3;40;0,13;4,06;3,02;2,5;28,85
Burgui;LW, LWF, CF;24;2082;184;100;1,99;0,13;0;2,07;43,75;0,17;2,03;2,33;2,55;25,89
J. Martínez;CF;24;2069;170;44,44;0,83;0,87;0,13;3,52;45,68;0,04;0,26;0,78;3,74;16,05
S. Jovetić;CF;28;2066;183;16,67;1,48;0,57;0,04;4,09;39,36;0,3;1,48;1,31;4,66;30,67
V. Eysseric;LAMF, RWF, LW;25;2063;181;33,33;2,92;0,13;0;1,13;38,46;0,31;1,4;2,18;1,66;47,07
G. Bonaventura;LCMF3, LWF, LW;28;2063;180;50;3,4;0,26;0,09;2,31;32,08;0,09;2,88;1,92;2,09;46,59
F. Ceravolo;CF;30;2059;180;0;1,14;0,66;0,17;3,19;46,58;0,09;1,4;1,44;4,28;15,91
Mariano Díaz;CF;24;2053;182;0;1,67;0,61;0,18;3,38;46,75;0,13;0,31;1,53;3,07;14,29
F. Vázquez;AMF, RCMF3;28;2034;186;33,33;2,08;0,27;0,04;2,3;28,85;0,27;1,46;1,46;2,88;38,19
A. Mendy;CF;23;2034;185;40;0,97;0,4;0,05;2,72;37,5;0,05;1,17;1,12;4,47;15,39
Kike García;CF, AMF;28;2033;186;0;2,35;0,27;0,09;1,55;45,71;0;1,68;1,11;3,19;22,18
J. Lukaku;LWB, LW, LB;23;2032;183;14,29;2,97;0,04;0;0,31;71,43;0,13;4,38;2,88;1,73;40,39
F. Bernardeschi;AMF, RW;23;2025;183;20;2,13;0,4;0;3,47;39,74;0,18;2,31;2,13;2,44;32,58
Michael Santos;CF, LWF, LAMF;24;2016;174;14,29;1,61;0,36;0,22;2,32;40,38;0,09;2,9;2,41;3,75;14,33
N. Petersen;CF;29;1997;188;40;2,79;0,77;0,05;3,06;50;0,18;0,81;1,13;4,01;17,49
J. Hofmann;LW, RW;25;1993;176;0;3,22;0,14;0;1,75;32,43;0,19;1,84;2,18;2,98;31,92
N. Chadli;RW, LW, LWB;28;1990;187;0;2,33;0,14;0;1,6;48,48;0,15;1,89;1,41;2,52;29,27
M. Gabbiadini;CF;26;1986;186;28,57;1,04;0,54;0,05;2,67;42,37;0;0,82;0,5;3,26;14,23
Diego Farias;CF, AMF, LW;27;1978;173;18,18;1,64;0,23;0,05;2,32;50,98;0,23;1,46;2,78;3,28;32,85
T. Asano;RW, CF, RAMF;23;1974;173;22,22;1,96;0,18;0,05;1,91;30,95;0;2,14;2,42;3,74;23,25
O. Hiljemark;AMF, RCMF, RCMF3;25;1970;184;33,33;2,24;0,18;0;1,14;48;0,14;2,42;0,59;1,32;46,55
I. Saadi;CF;25;1964;179;0;0,69;0,32;0;2,29;36;0,05;1,01;0,69;2,8;15,76
H. Çalhanoğlu;LCMF3, LW, AMF;23;1956;178;47,37;2,62;0,23;0;3,13;30,88;0,28;3,04;0,74;2,39;46,98
N. Füllkrug;CF;24;1954;189;20;2,26;0,46;0,09;2,72;38,98;0,18;1,06;1,43;3,96;19,16
Y. Konoplyanka;LWF, LW;28;1948;178;33,33;1,99;0,23;0;2,68;36,21;0,18;4,25;1,94;2,59;26,52
T. Walcott;RAMF, RWF, AMF;28;1948;176;100;1,79;0,65;0;2,95;47,54;0,05;2,51;2,76;5,03;27,42
M. Sau;CF, AMF, LW;30;1947;169;25;2,27;0,18;0,05;1,94;40,48;0,05;0,83;0,55;3,14;26,95
D. Rolán;CF;24;1945;177;25;2,04;0,42;0;1,76;42,11;0;1,48;2,31;3,1;27,07
N. Schulz;LB, LWB, LB5;24;1944;180;30;3,74;0,09;0;0,73;46,67;0,05;3,54;2,38;1,5;46,94
F. Caicedo;CF;29;1943;183;80;1,48;0,28;0,14;1,25;51,85;0,19;0,23;0,97;2,22;15,42
H. Robson-Kanu;CF, RW;28;1940;184;0;1,75;0,23;0,1;2,1;38,1;0;1,95;2;3,15;16,86
P. Capelle;LB, RW, LW;30;1920;181;0;3,34;0,09;0,05;1,67;20,59;0;1,82;1,57;1,43;36,34
Moi Gómez;LCMF3, AMF, LCMF;23;1911;176;33,33;2,68;0,09;0;0,75;31,25;0,09;1,74;1,04;0,85;37,68
R. Cabella;LWF, CF, AMF;27;1910;171;33,33;3,02;0,33;0;2,21;46,81;0,24;1,84;2,73;2,97;44,34
Y. El Ghanassy;LW, LAMF, RW;27;1906;173;0;1,73;0;0;1,59;34,38;0,05;3,02;3,22;2,53;32,56
A. Mehmedi;LAMF, CF, LW;26;1902;183;0;3,12;0,09;0;1,66;37,14;0,24;2,41;1,18;3,36;36,48
G. Bale;RWF, CF, LWF;28;1875;185;44,44;2;0,34;0,05;3,46;40,85;0,24;3,36;1,32;3,51;33,49
N. Sliti;LW, LAMF, AMF;25;1872;173;50;2,47;0,24;0;1,87;35,14;0,15;2,07;3,03;1,97;28,94
M. Gregoritsch;AMF, CF, LCMF;23;1870;193;12,5;4,38;0,48;0,1;3,32;39,13;0,1;0,43;0,77;2,89;23,1
G. Haraguchi;LW, RAMF, LAMF;26;1866;177;32,26;2,65;0,05;0;1,35;14,29;0,1;1,45;2,17;2,22;26,19
B. Afobe;CF;24;1866;183;50;1,78;0,24;0;1,78;45,95;0,1;0,24;0,82;2,8;14,37
J. Pastore;LWF, LCMF3, RCMF3;28;1854;187;0;2,86;0,29;0;1,5;45,16;0,34;1,5;3,3;2,82;68,69
C. Beauvue;CF;29;1847;174;33,33;1,22;0,24;0,05;2;39,02;0,1;0,88;0,83;1,8;14,57
G. Laborde;CF;23;1827;182;60;1,23;0,39;0,1;2,61;43,4;0,2;2,12;1,72;3,89;22,46
I. Slimani;CF;29;1822;188;30;1,52;0,49;0,05;2,38;42,55;0,15;0,81;0,71;4;20,63
K. Gameiro;CF;30;1818;172;0;1,53;0,64;0,05;2,13;53,49;0,25;0,74;1,78;3,76;15,64
Isaac Cuenca;RWF, LB5, RAMF;26;1817;178;14,29;3,07;0,2;0;1,35;52;0;2,32;1,99;1,78;34,9
G. Ramírez;AMF;27;1813;183;40;2,53;0,2;0,05;2,08;54,76;0,25;2,04;4,07;1,99;38,22
B. Jeannot;CF;25;1804;183;57,14;2,1;0,25;0;2;40;0,05;0,65;0,55;2,94;19,41
J. Guidetti;CF;25;1803;185;50;0,8;0,25;0,05;1,95;51,28;0,1;0,9;0,7;3,39;21,21
K. Kodro;CF, AMF;24;1794;187;0;1,76;0,4;0,1;2,26;37,78;0,05;0,45;1;2,56;23,68
B. Pelé;LAMF, RW, RAMF;25;1784;169;0;2,35;0,15;0;1,23;29,17;0,15;4,2;1,33;1,18;43,29
L. Pavoletti;CF;29;1775;188;25;1,88;0,25;0,2;2,64;38,46;0;0,15;0,25;4,11;18,96
F. Kainz;LW, RCMF3, CF;25;1762;176;30;3,47;0,15;0;1,38;51,85;0,2;2,96;2,3;1,33;35,6
O. Kayode;CF;24;1758;176;0;1,28;0,51;0,05;2,35;58,7;0,1;1,28;1,54;3,17;10,75
L. Hinterseer;CF;26;1758;192;12,5;2,2;0,41;0,1;2,25;50;0,05;0,87;1,13;3,48;18,02
A. Esswein;RAMF, CF, RW;27;1742;183;46,15;3,36;0,05;0,05;1,7;33,33;0,15;2,94;1,6;1,81;29,71
N. Gaitán;LW, RW;29;1730;173;42,86;3,16;0,05;0;1,09;35;0,22;2,78;2,51;1,75;42,87
S. Boufal;LAMF, LW, AMF;24;1710;170;50;2,32;0,11;0;2;28,95;0,05;2,63;5,32;2,74;39
Denis Suárez;RCMF3, LWF, LCMF3;24;1704;176;0;2,49;0,37;0;1,41;53,85;0,33;1,63;2,98;3,47;54,11
T. Tawatha;LWB, LB;25;1700;176;0;4,92;0,11;0,05;0,48;22,22;0,05;2,59;0,95;1,27;25,78
F. Tait;LW, RW, RCMF3;24;1699;175;35;3,03;0,11;0;1,45;47,83;0,19;1,7;3,03;1,64;37,12
K. Mirallas;LAMF, AMF, LW;30;1697;182;33,33;1,54;0,11;0;2,81;41,51;0,27;2,76;2,44;2,81;32,35
A. Maxim;AMF, LW, LCMF3;27;1686;178;15,38;2,4;0,27;0;2,78;30,77;0,16;1,55;1,92;2,19;35,44
K. Babacar;CF;24;1656;185;66,67;1,09;0,65;0,11;3,1;52,63;0,05;0,76;0,38;3,48;14,89
D. Gayle;CF;27;1652;177;60;1,08;0,38;0,06;2,28;42,11;0,06;0,72;0,72;3,06;15,05
V. Janssen;CF;23;1646;183;35,71;1,09;0,38;0;3,94;41,67;0,16;0,71;1,37;4,98;20,56
Jaime Romero;RW, LAMF, LW;27;1616;177;20;2,77;0;0;0,71;25;0,24;3,89;3,72;1,83;27,42
S. Zoller;RW, CF, LW;26;1615;179;40;3,01;0,22;0;1,17;42,86;0,11;1,84;1,28;2,62;24,46
A. Hunou;RW, LW, LAMF;23;1610;176;33,33;2,96;0,22;0,07;1,41;35;0;1,06;1,06;1,83;32,65
D. Čop;CF;27;1607;187;0;1,85;0,28;0,06;2,24;35;0,06;1,57;0,84;3,98;20,83
C. Kouakou;RW, CF, RAMF;26;1603;182;33,33;1,97;0,17;0,06;2,13;31,58;0,11;2,3;1,57;3,48;16,67
A. Trajkovski;CF, AMF, LW;25;1598;179;0;1,75;0,51;0,06;2,93;44,23;0,17;2,25;3,72;2,98;28,27
L. Nangis;RW, RAMF, CF;23;1590;172;0;2,98;0;0;1,49;40,91;0,14;1,9;2,85;1,63;20,48
J. Iturbe;RW, CF, RWF;24;1579;172;30;2,05;0,06;0;2,11;35,14;0,17;1,99;5,19;1,94;24,91
J. Durmaz;RW, LW, RAMF;28;1571;180;66,67;3,04;0,29;0;1,66;48,28;0,11;3,27;1,95;0,97;36,78
N. Sansone;CF;26;1559;175;0;1,15;0,35;0,06;2,19;50;0,17;2,37;1,56;3,29;24,19
G. Lapadula;CF;27;1557;177;15,38;1,39;0,35;0;3,29;36,84;0,17;0,35;1,1;4,97;15,84
C. N'Jie;CF, LW, LAMF;24;1556;175;50;0,93;0,4;0,06;2,31;52,5;0,17;1,5;1,68;3,3;19,2
P. Bamford;AMF, CF, RW;24;1553;185;0;2,06;0,23;0,12;2,61;27,91;0;1,09;1,88;3,64;24,21
M. Erdinç;CF;30;1548;181;0;0,73;0,29;0,06;2;42,42;0;0,61;0,73;2,97;14,06
Aketxe;AMF;24;1541;175;14,29;2,74;0,29;0;2,69;56,52;0,18;1,64;2,22;1,11;33,76
S. Bahoken;CF;25;1536;185;0;1,64;0,53;0,06;3,16;51,85;0,23;2,75;1,58;3,87;18,05
M. Batshuayi;CF;24;1531;185;100;1,76;0,94;0,06;3,7;47,62;0,18;0,12;1,18;4;20,28
Adrián López;CF, LW, LAMF;30;1525;183;0;2,77;0,3;0,12;1,95;36,36;0,18;2,07;1,95;3,54;33,05
R. Gestede;CF;29;1483;193;60;1,86;0,24;0,07;2,21;40,63;0,07;0,21;0,62;3,59;17,34
Rubén Peña;RW, LB, LAMF;26;1479;170;0;4,14;0,06;0;1,46;16,67;0,12;4,69;3,04;2,01;29,76
A. Ragusa;LWF, LAMF;27;1477;183;0;4,14;0,12;0;1,58;42,31;0,18;2,13;1,71;2,92;25,47
F. Johnson;LW;30;1463;183;25;4;0,18;0;0,8;46,15;0,06;0,92;0,74;1,91;25,96
Paco Alcácer;CF, LWF;24;1392;175;0;2,28;0,78;0,2;2,68;60,98;0,26;0,91;0,72;4,83;24,15
D. Sturridge;CF;28;1329;180;0;0,57;0,34;0,07;4,05;33,33;0,28;0,92;1,49;5,4;22,94
A. Kravets;CF;28;1323;189;66,67;1,43;0,41;0,14;2,65;43,59;0,14;0,95;0,82;3,13;20,54
K. Karaman;LW, LAMF, CF;23;1310;189;42,86;2,27;0,14;0,07;1,44;33,33;0,07;0,76;1,92;1,92;23,29
B. Sarr;RB, LWF;25;1300;177;30,77;3,81;0;0;1,32;42,11;0;4,15;3,53;1,87;42,72
Granero;LCMF, LCMF3, LW;30;1269;180;37,5;3,9;0,07;0;0,99;42,86;0,07;1,35;0,85;0,5;44,89
M. Acosty;RW, RAMF, LW;26;1241;179;0;2,98;0,22;0;1,86;40;0,22;1,86;2,53;2,01;28,61
José Naranjo;CF, LW, LAMF;23;1205;182;0;1,49;0,52;0;2,69;52,78;0,22;0,82;0,97;3,96;22,03
G. Sunu;LW, RW;26;1142;181;100;1,55;0,16;0;2,03;23,53;0,12;3,1;1,91;2,26;27,3
G. Carrillo;CF;26;926;191;0;1,94;0,58;0,39;2,33;54,17;0,19;0,19;0;3,98;14,87